,eventid,latitude,longitude,guncertain1,property,nwoundte,crit2,country,claim2,nkillter
0,197000000001,18.456792,-69.951164,0.0,0,,1,58,,
1,197000000002,19.371887,-99.086624,0.0,0,,1,130,,
2,197001000001,15.478598000000002,120.599741,0.0,0,,1,160,,
3,197001000002,37.99749,23.762728,0.0,1,,1,78,,
4,197001000003,33.580412,130.396361,0.0,1,,1,101,,
5,197001010002,37.005105,-89.17626899999999,0.0,1,0.0,1,217,,0.0
6,197001020001,-34.891151,-56.187214000000004,0.0,0,,1,218,,
7,197001020002,37.791927,-122.22590600000001,0.0,1,0.0,1,217,,0.0
8,197001020003,43.076592,-89.412488,0.0,1,0.0,1,217,,0.0
9,197001030001,43.07295,-89.38669399999999,0.0,1,0.0,1,217,,0.0
10,197001050001,43.4685,-89.744299,0.0,0,,1,217,,
11,197001060001,39.758967999999996,-104.876305,0.0,1,0.0,1,217,,0.0
12,197001080001,41.890961,12.490069,0.0,0,0.0,1,98,,0.0
13,197001090001,42.331685,-83.047924,0.0,1,0.0,1,217,,0.0
14,197001090002,18.386932,-66.061127,1.0,1,0.0,1,217,,0.0
15,197001100001,52.50153,13.401851,0.0,0,,1,499,,
16,197001110001,,,0.0,0,,1,65,,
17,197001120001,40.697132,-73.931351,0.0,1,0.0,1,217,,0.0
18,197001120002,18.379998,-65.83094799999999,0.0,-9,0.0,1,217,,0.0
19,197001130001,47.610786,-122.33130600000001,0.0,1,0.0,1,217,,0.0
20,197001140001,40.116748,-88.23926999999999,0.0,1,0.0,1,217,,0.0
21,197001150001,-34.891151,-56.187214000000004,0.0,1,,1,218,,
22,197001190002,47.610786,-122.33130600000001,1.0,1,0.0,1,217,,0.0
23,197001190003,47.610786,-122.33130600000001,0.0,0,0.0,1,217,,0.0
24,197001190004,40.717892,-74.06746700000001,0.0,1,0.0,1,217,,0.0
25,197001200001,14.622869,-90.52906800000001,0.0,0,,1,83,,
26,197001210001,14.67428,121.05749499999999,0.0,1,,1,160,,
27,197001220001,10.482834,-66.962128,0.0,0,,1,222,,
28,197001220002,42.47031,-96.413949,0.0,1,0.0,1,217,,0.0
29,197001250001,33.60651,-88.650419,0.0,1,0.0,1,217,,0.0
30,197001250002,40.697132,-73.931351,0.0,1,0.0,1,217,,0.0
31,197001260001,33.60651,-88.650419,0.0,1,0.0,1,217,,0.0
32,197001260003,40.697132,-73.931351,0.0,0,0.0,1,217,,0.0
33,197001270002,41.241996,-82.615241,0.0,1,0.0,1,217,,0.0
34,197001280001,52.50153,13.401851,0.0,1,,1,499,,
35,197001280002,47.610786,-122.33130600000001,0.0,1,0.0,1,217,,0.0
36,197001300001,42.479999,-96.413046,0.0,1,0.0,1,217,,0.0
37,197001300002,42.46634,-96.41405,0.0,1,0.0,1,217,,0.0
38,197001300003,25.720851,-80.277857,0.0,1,0.0,1,217,,0.0
39,197001310001,15.675051000000002,120.33161799999999,0.0,0,,1,160,,
40,197001310002,39.758967999999996,-104.876305,0.0,1,0.0,1,217,,0.0
41,197002010001,45.511795,-122.675629,0.0,1,0.0,1,217,,0.0
42,197002010002,37.005105,-89.17626899999999,0.0,1,0.0,1,217,,0.0
43,197002020001,40.697132,-73.931351,0.0,0,0.0,1,217,,0.0
44,197002030001,40.697132,-73.931351,0.0,0,0.0,1,217,,0.0
45,197002030002,40.697132,-73.931351,0.0,0,0.0,1,217,,0.0
46,197002040001,41.084195,-81.514059,0.0,1,0.0,1,217,,0.0
47,197002060001,39.758967999999996,-104.876305,0.0,1,0.0,1,217,,0.0
48,197002060002,47.610786,-122.33130600000001,0.0,1,0.0,1,217,,0.0
49,197002060003,47.610786,-122.33130600000001,0.0,1,0.0,1,217,,0.0
50,197002060004,18.460791,-66.264884,0.0,-9,0.0,1,217,,0.0
51,197002060005,18.386932,-66.061127,0.0,-9,0.0,1,217,,0.0
52,197002060006,18.441963,-66.02631600000001,0.0,-9,0.0,1,217,,0.0
53,197002060007,42.3505,-71.105399,0.0,1,0.0,1,217,,0.0
54,197002070003,42.838355,-88.743224,0.0,1,0.0,1,217,,0.0
55,197002080001,40.697132,-73.931351,0.0,1,0.0,1,217,,0.0
56,197002080002,40.697132,-73.931351,0.0,1,0.0,1,217,,0.0
57,197002090003,40.697132,-73.931351,0.0,0,0.0,1,217,,0.0
58,197002090004,39.078590000000005,-84.17941400000001,0.0,1,0.0,1,217,,0.0
59,197002100001,48.139126,11.580186,0.0,1,,1,362,,
60,197002110001,42.263414000000004,-83.66528100000001,0.0,1,0.0,1,217,,0.0
61,197002130001,37.874043,-122.280022,0.0,1,,1,217,,
62,197002130002,48.139126,11.580186,0.0,1,,1,362,,
63,197002130003,37.874043,-122.280022,1.0,1,0.0,1,217,,0.0
64,197002150001,40.697132,-73.931351,0.0,1,0.0,1,217,,0.0
65,197002150002,44.04483,-123.07260600000001,0.0,1,0.0,1,217,,0.0
66,197002160001,37.755363,-122.443352,0.0,1,,1,217,,
67,197002160002,37.874043,-122.280022,0.0,0,,1,217,,
68,197002160003,37.874043,-122.280022,0.0,0,,1,217,,
69,197002160004,37.755363,-122.443352,0.0,0,0.0,1,217,,0.0
70,197002170001,37.791927,-122.22590600000001,0.0,0,0.0,1,217,,0.0
71,197002170002,39.334825,-77.431653,0.0,1,0.0,1,217,,0.0
72,197002170003,30.493919,-90.132512,0.0,1,0.0,1,217,,0.0
73,197002170004,47.610786,-122.33130600000001,0.0,0,0.0,1,217,,0.0
74,197002180002,41.479561,-81.675461,0.0,1,0.0,1,217,,0.0
75,197002180003,38.10083,-122.254954,1.0,0,0.0,1,217,,0.0
76,197002200001,41.763325,-72.67406899999999,0.0,1,0.0,1,217,,0.0
77,197002200002,40.697132,-73.931351,1.0,1,0.0,1,217,,0.0
78,197002200003,47.610786,-122.33130600000001,0.0,1,0.0,1,217,,0.0
79,197002210001,50.11797,8.644191000000001,0.0,1,,1,362,,
80,197002210002,47.36865,8.539182,0.0,1,,1,199,,
81,197002210003,40.697132,-73.931351,1.0,0,0.0,1,217,,0.0
82,197002210004,40.697132,-73.931351,1.0,1,0.0,1,217,,0.0
83,197002210005,40.697132,-73.931351,0.0,1,0.0,1,217,,0.0
84,197002210006,39.758967999999996,-104.876305,0.0,-9,0.0,1,217,,0.0
85,197002220001,42.455233,-76.475847,0.0,1,0.0,1,217,,0.0
86,197002220002,43.287052,-89.724361,0.0,0,0.0,1,217,,0.0
87,197002230001,42.47031,-96.413949,0.0,0,0.0,1,217,,0.0
88,197002230002,42.47031,-96.413949,0.0,0,0.0,1,217,,0.0
89,197002230003,42.47031,-96.413949,0.0,0,0.0,1,217,,0.0
90,197002230004,42.47031,-96.413949,0.0,0,0.0,1,217,,0.0
91,197002230005,32.222232,-110.925752,0.0,1,0.0,1,217,,0.0
92,197002240002,39.758967999999996,-104.876305,0.0,1,0.0,1,217,,0.0
93,197002240003,40.101952000000004,-88.227161,0.0,1,0.0,1,217,,0.0
94,197002270001,40.007581,-105.265942,0.0,1,0.0,1,217,,0.0
95,197002280001,31.530243,35.094162,0.0,1,,1,102,,
96,197003000001,14.596051000000001,120.97866599999999,0.0,1,,1,160,,
97,197003010001,41.890961,12.490069,0.0,1,,1,98,,
98,197003010005,40.007581,-105.265942,0.0,1,0.0,1,217,,0.0
99,197003010006,38.864281,-104.778412,0.0,1,0.0,1,217,,0.0
100,197003010007,40.007581,-105.265942,0.0,1,0.0,1,217,,0.0
101,197003010008,40.014986,-105.270546,0.0,1,0.0,1,217,,0.0
102,197003020001,41.479561,-81.675461,0.0,1,0.0,1,217,,0.0
103,197003030001,,,0.0,0,,1,185,,
104,197003030002,39.758967999999996,-104.876305,0.0,1,0.0,1,217,,0.0
105,197003030003,47.610786,-122.33130600000001,0.0,1,0.0,1,217,,0.0
106,197003040001,37.791927,-122.22590600000001,0.0,0,0.0,1,217,,0.0
107,197003040002,38.019304,-122.13406200000001,0.0,0,0.0,1,217,,0.0
108,197003040003,39.758967999999996,-104.876305,0.0,1,0.0,1,217,,0.0
109,197003050001,47.610786,-122.33130600000001,0.0,1,0.0,1,217,,0.0
110,197003050002,39.758967999999996,-104.876305,0.0,1,0.0,1,217,,0.0
111,197003050003,18.386932,-66.061127,1.0,0,0.0,1,217,0.0,0.0
112,197003060001,14.622869,-90.52906800000001,0.0,0,,1,83,,
113,197003060003,42.331685,-83.047924,1.0,0,0.0,1,217,,0.0
114,197003060004,42.331685,-83.047924,1.0,0,0.0,1,217,,0.0
115,197003090001,37.874043,-122.280022,0.0,1,,1,217,,
116,197003090003,33.83651,-86.254749,0.0,1,0.0,1,217,,0.0
117,197003090004,41.18188,-73.19126899999999,0.0,1,0.0,1,217,,0.0
118,197003090005,35.084319,-106.619781,0.0,0,0.0,1,217,,0.0
119,197003090006,39.538940000000004,-76.348479,1.0,1,0.0,1,217,,2.0
120,197003100001,48.139126,11.580186,0.0,0,,1,362,,
121,197003100002,38.563122,-76.078063,1.0,1,0.0,1,217,,0.0
122,197003100003,37.755363,-122.443352,0.0,0,0.0,1,217,,0.0
123,197003110001,-23.550711,-46.633475,0.0,0,,1,30,,
124,197003110002,40.102408000000004,-88.227159,0.0,1,0.0,1,217,,0.0
125,197003120001,40.697132,-73.931351,0.0,1,,1,217,,
126,197003120002,40.697132,-73.931351,0.0,1,,1,217,,
127,197003120003,41.842602,-87.681229,1.0,1,0.0,1,217,,0.0
128,197003120004,41.842602,-87.681229,1.0,1,0.0,1,217,,0.0
129,197003120005,40.697132,-73.931351,0.0,1,0.0,1,217,,0.0
130,197003130001,44.260288,-88.39745500000001,0.0,1,0.0,1,217,,0.0
131,197003130002,44.268598,-88.42844000000001,0.0,1,0.0,1,217,,0.0
132,197003140001,,,0.0,0,,1,65,,
133,197003140002,31.198056,29.919166999999998,0.0,1,,1,60,,
134,197003140003,40.697132,-73.931351,0.0,0,0.0,1,217,,0.0
135,197003140004,33.766725,-118.192399,0.0,0,0.0,1,217,,0.0
136,197003150001,18.386932,-66.061127,0.0,1,0.0,1,217,,0.0
137,197003150002,45.783975,-108.505794,0.0,1,0.0,1,217,,0.0
138,197003160001,34.105245000000004,-117.294124,0.0,1,0.0,1,217,,0.0
139,197003170002,34.097865999999996,-118.407379,1.0,1,0.0,1,217,,0.0
140,197003180001,39.226834999999994,-84.45330899999999,0.0,1,0.0,1,217,,0.0
141,197003200001,45.511795,-122.675629,0.0,0,0.0,1,217,,0.0
142,197003200002,42.331685,-83.047924,0.0,0,0.0,1,217,,0.0
143,197003210001,38.908642,-77.015381,0.0,0,0.0,1,217,,0.0
144,197003210002,40.697132,-73.931351,0.0,1,0.0,1,217,,0.0
145,197003210003,40.697132,-73.931351,0.0,1,0.0,1,217,,0.0
146,197003220001,40.697132,-73.931351,0.0,1,0.0,1,217,,0.0
147,197003220002,40.697132,-73.931351,0.0,0,0.0,1,217,,0.0
148,197003220003,40.697132,-73.931351,1.0,1,0.0,1,217,,0.0
149,197003230001,28.538234999999997,-81.37738900000001,1.0,1,0.0,1,217,,0.0
150,197003240001,15.153001999999999,120.59194199999999,0.0,0,,1,160,,
151,197003240002,18.456792,-69.951164,0.0,0,,1,58,,
152,197003240003,-27.583246000000003,-56.683333999999995,0.0,0,,1,11,,
153,197003240004,40.697132,-73.931351,0.0,1,0.0,1,217,,0.0
154,197003240005,41.479561,-81.675461,0.0,1,0.0,1,217,,0.0
155,197003240006,37.93781,-122.34270900000001,1.0,1,0.0,1,217,,0.0
156,197003270001,37.755363,-122.443352,0.0,1,0.0,1,217,,0.0
157,197003290001,-34.61768,-58.444435,0.0,0,,1,11,,
158,197003290002,33.888523,35.503513,0.0,1,,1,110,,
159,197003300001,40.85122,-90.864369,0.0,1,0.0,1,217,,0.0
160,197003300002,32.3575,-84.95623,0.0,-9,0.0,1,217,,0.0
161,197003310001,14.622869,-90.52906800000001,0.0,0,,1,83,,
162,197003310002,33.580412,130.396361,0.0,0,0.0,1,101,,0.0
163,197003310003,38.908642,-77.015381,0.0,0,0.0,1,217,,0.0
164,197003310004,47.610786,-122.33130600000001,0.0,1,0.0,1,217,,0.0
165,197004000001,,,0.0,0,,1,65,,
166,197004010001,42.7375,-84.483779,0.0,1,0.0,1,217,,0.0
167,197004010002,42.455233,-76.475847,0.0,1,0.0,1,217,,0.0
168,197004010003,29.813822,-95.36529499999999,0.0,1,0.0,1,217,,0.0
169,197004020001,15.185916,120.54186999999999,0.0,0,,1,160,,
170,197004020002,40.697132,-73.931351,0.0,0,0.0,1,217,,0.0
171,197004030001,53.361675,-6.2454849999999995,0.0,1,,1,96,,
172,197004040001,40.697132,-73.931351,0.0,0,0.0,1,217,,0.0
173,197004040002,40.697132,-73.931351,0.0,0,0.0,1,217,,0.0
174,197004040003,46.731958,-117.162603,0.0,1,0.0,1,217,,0.0
175,197004050001,-30.034108000000003,-51.217839,0.0,0,,1,30,,
176,197004050003,-34.61768,-58.444435,0.0,1,,1,11,,
177,197004050004,35.76625,-117.370674,0.0,1,0.0,1,217,,0.0
178,197004050005,35.76625,-117.370674,0.0,1,0.0,1,217,,0.0
179,197004050006,40.697132,-73.931351,0.0,0,0.0,1,217,,0.0
180,197004050007,29.813822,-95.36529499999999,0.0,1,0.0,1,217,,0.0
181,197004080001,38.973065000000005,-95.23653399999999,0.0,1,0.0,1,217,,0.0
182,197004080002,37.023676,-94.735504,0.0,1,0.0,1,217,,0.0
183,197004080003,34.097865999999996,-118.407379,1.0,1,0.0,1,217,,0.0
184,197004090001,38.624421000000005,-90.150603,0.0,1,0.0,1,217,,0.0
185,197004110001,32.715695000000004,-117.16171899999999,0.0,1,0.0,1,217,,0.0
186,197004110002,42.455233,-76.475847,0.0,1,0.0,1,217,,0.0
187,197004110003,28.949564000000002,-95.344371,0.0,1,0.0,1,217,,0.0
188,197004130001,37.874043,-122.280022,0.0,1,,1,217,,
189,197004130002,39.176086,-94.574127,0.0,1,0.0,1,217,,0.0
190,197004130003,39.176086,-94.574127,0.0,1,0.0,1,217,,0.0
191,197004130004,39.176086,-94.574127,0.0,1,0.0,1,217,,0.0
192,197004140002,35.76625,-117.370674,0.0,1,0.0,1,217,,0.0
193,197004140003,33.783823999999996,-118.11408999999999,0.0,0,0.0,1,217,,0.0
194,197004140004,34.097865999999996,-118.407379,0.0,0,0.0,1,217,,0.0
195,197004150001,31.950001,35.933331,0.0,1,,1,102,,
196,197004150002,34.097865999999996,-118.407379,0.0,1,0.0,1,217,,0.0
197,197004150004,34.097865999999996,-118.407379,1.0,1,0.0,1,217,,0.0
198,197004150005,34.097865999999996,-118.407379,1.0,1,0.0,1,217,,0.0
199,197004160001,39.176086,-94.574127,0.0,1,0.0,1,217,,0.0
200,197004160002,39.176086,-94.574127,0.0,1,0.0,1,217,,0.0
201,197004160003,39.176086,-94.574127,0.0,1,0.0,1,217,,0.0
202,197004160004,35.76625,-117.370674,0.0,1,0.0,1,217,,0.0
203,197004170001,37.791927,-122.22590600000001,1.0,1,0.0,1,217,,0.0
204,197004190001,47.610786,-122.33130600000001,0.0,1,0.0,1,217,,0.0
205,197004190002,47.610786,-122.33130600000001,0.0,1,0.0,1,217,,0.0
206,197004190003,47.610786,-122.33130600000001,0.0,1,0.0,1,217,,0.0
207,197004190004,47.610786,-122.33130600000001,0.0,1,0.0,1,217,,0.0
208,197004190005,40.697132,-73.931351,0.0,0,0.0,1,217,,0.0
209,197004200001,38.954344,-95.25579599999999,0.0,1,0.0,1,217,,0.0
210,197004210001,,,0.0,1,,1,160,,
211,197004210002,34.097865999999996,-118.407379,0.0,1,0.0,1,217,,0.0
212,197004220001,35.76625,-117.370674,0.0,1,0.0,1,217,,0.0
213,197004220002,37.874043,-122.280022,0.0,1,0.0,1,217,,0.0
214,197004220003,37.874043,-122.280022,0.0,0,0.0,1,217,,0.0
215,197004220004,43.064388,-87.966202,0.0,1,0.0,1,217,,0.0
216,197004220005,40.102408000000004,-88.227159,1.0,0,0.0,1,217,,0.0
217,197004220006,34.062684999999995,-117.16318100000001,0.0,1,0.0,1,217,,0.0
218,197004230001,18.379626000000002,-67.18842099999999,0.0,1,0.0,1,217,,0.0
219,197004230002,18.379626000000002,-67.18842099999999,0.0,1,0.0,1,217,,0.0
220,197004230003,18.379626000000002,-67.18842099999999,0.0,0,0.0,1,217,,0.0
221,197004230004,18.379626000000002,-67.18842099999999,0.0,0,0.0,1,217,,0.0
222,197004240001,37.424305,-122.14391299999998,0.0,1,0.0,1,217,,0.0
223,197004240002,39.308341999999996,-76.616104,0.0,0,0.0,1,217,,0.0
224,197004240003,40.697132,-73.931351,0.0,1,0.0,1,217,,0.0
225,197004240004,40.697132,-73.931351,0.0,1,0.0,1,217,,0.0
226,197004250001,41.106178,28.689863,0.0,1,,1,209,,
227,197004250003,40.008171000000004,-75.13549,0.0,-9,0.0,1,217,,0.0
228,197004250004,42.7375,-84.483779,0.0,1,0.0,1,217,,0.0
229,197004250005,42.7375,-84.483779,0.0,1,0.0,1,217,,0.0
230,197004250006,42.7375,-84.483779,0.0,1,0.0,1,217,,0.0
231,197004260001,30.443334999999998,-91.186994,1.0,1,,1,217,,
232,197004260002,30.443334999999998,-91.186994,1.0,1,0.0,1,217,,0.0
233,197004260003,45.031807,-93.336547,0.0,-9,0.0,1,217,,0.0
234,197004270001,41.657825,-91.526534,1.0,1,0.0,1,217,,0.0
235,197004270002,41.312065000000004,-72.928288,0.0,1,0.0,1,217,,0.0
236,197004270003,42.056459000000004,-87.675267,0.0,1,0.0,1,217,,0.0
237,197004270004,33.882923,-117.92910400000001,0.0,0,0.0,1,217,,0.0
238,197004270005,42.025345,-93.620199,0.0,0,0.0,1,217,,0.0
239,197004270006,38.788097,-90.497479,0.0,1,0.0,1,217,,0.0
240,197004280001,52.50153,13.401851,0.0,1,,1,362,,
241,197004280002,52.50153,13.401851,0.0,1,,1,499,,
242,197004290001,40.697132,-73.931351,1.0,0,0.0,1,217,,0.0
243,197004300001,30.443334999999998,-91.186994,1.0,0,0.0,1,217,,0.0
244,197005000001,42.290156,-71.04897,0.0,1,0.0,1,217,,0.0
245,197005000002,18.386932,-66.061127,0.0,1,0.0,1,217,,0.0
246,197005010002,40.697132,-73.931351,0.0,1,0.0,1,217,,0.0
247,197005010003,39.640397,-86.861622,0.0,1,0.0,1,217,,0.0
248,197005010004,41.316324,-72.92234300000001,0.0,1,0.0,1,217,,0.0
249,197005010005,40.697132,-73.931351,1.0,1,0.0,1,217,,0.0
250,197005010006,40.697132,-73.931351,1.0,1,0.0,1,217,,0.0
251,197005010007,40.1142,-88.243499,0.0,1,0.0,1,217,,0.0
252,197005010008,40.1142,-88.243499,0.0,1,0.0,1,217,,0.0
253,197005040001,-25.282773000000002,-57.63561,0.0,0,,1,158,,
254,197005040002,39.645039000000004,-79.183128,0.0,1,0.0,1,217,,0.0
255,197005040003,35.904912,-79.046913,0.0,-9,0.0,1,217,,0.0
256,197005040004,35.22076,-97.44659899999999,0.0,1,0.0,1,217,,0.0
257,197005040005,40.347457,-94.87290899999999,0.0,-9,0.0,1,217,,0.0
258,197005050001,52.50153,13.401851,0.0,1,,1,499,,
259,197005050002,46.404973,-117.00934099999999,0.0,1,0.0,1,217,,0.0
260,197005050004,25.720851,-80.277857,0.0,-9,0.0,1,217,,0.0
261,197005050005,28.538234999999997,-81.37738900000001,0.0,1,0.0,1,217,,0.0
262,197005050006,40.697132,-73.931351,0.0,-9,0.0,1,217,,0.0
263,197005060001,37.791927,-122.22590600000001,0.0,1,0.0,1,217,,0.0
264,197005060002,46.143582,-122.92564499999999,0.0,-9,0.0,1,217,,0.0
265,197005060003,40.336585,-75.92784300000001,0.0,-9,0.0,1,217,,0.0
266,197005060004,45.511795,-122.675629,0.0,1,0.0,1,217,,0.0
267,197005060005,33.73787,-118.28466399999999,0.0,0,0.0,1,217,,0.0
268,197005060006,45.511795,-122.675629,0.0,1,0.0,1,217,,0.0
269,197005060007,42.301631,-71.067605,0.0,1,0.0,1,217,,0.0
270,197005070002,40.697132,-73.931351,0.0,1,0.0,1,217,,0.0
271,197005080001,41.356445,-72.096469,0.0,1,0.0,1,217,,0.0
272,197005090001,40.818985,-73.595724,1.0,1,0.0,1,217,,0.0
273,197005090002,34.097865999999996,-118.407379,0.0,1,0.0,1,217,,0.0
274,197005090003,38.551295,-121.471066,0.0,0,0.0,1,217,,0.0
275,197005100001,52.50153,13.401851,0.0,1,,1,499,,
276,197005100002,38.908642,-77.015381,0.0,1,0.0,1,217,,0.0
277,197005120001,46.198392,6.142296,0.0,1,,1,199,,
278,197005120002,29.813822,-95.36529499999999,0.0,1,0.0,1,217,,0.0
279,197005120003,42.331685,-83.047924,0.0,1,0.0,1,217,,0.0
280,197005130001,41.579662,-93.62150600000001,1.0,1,0.0,1,217,,0.0
281,197005130002,40.759505,-111.88822900000001,0.0,1,0.0,1,217,,0.0
282,197005130003,36.312,-78.5882,0.0,1,0.0,1,217,,0.0
283,197005130004,25.774591,-80.21419499999999,0.0,-9,0.0,1,217,,0.0
284,197005140001,42.45717,-71.064049,0.0,-9,0.0,1,217,,0.0
285,197005140002,40.697132,-73.931351,0.0,1,0.0,1,217,,0.0
286,197005140003,33.783823999999996,-118.11408999999999,0.0,0,0.0,1,217,,0.0
287,197005140004,36.312,-78.5882,0.0,1,0.0,1,217,,0.0
288,197005150001,52.50153,13.401851,0.0,1,,1,362,,
289,197005150002,-34.891151,-56.187214000000004,0.0,1,,1,218,,
290,197005150003,52.50153,13.401851,0.0,1,,1,362,,
291,197005150004,47.610786,-122.33130600000001,0.0,0,0.0,1,217,,1.0
292,197005160001,40.697132,-73.931351,0.0,1,,1,217,,
293,197005190001,38.550245000000004,-90.332723,0.0,1,0.0,1,217,,0.0
294,197005200001,30.588140999999997,-84.580929,0.0,1,0.0,1,217,,0.0
295,197005200002,40.201190000000004,-77.18916899999999,0.0,0,0.0,1,217,,0.0
296,197005200003,25.774591,-80.21419499999999,0.0,-9,0.0,1,217,,0.0
297,197005210001,35.76625,-117.370674,0.0,1,0.0,1,217,,0.0
298,197005220001,40.697132,-73.931351,0.0,1,0.0,1,217,,0.0
299,197005220002,44.946604,-93.13644599999999,0.0,0,0.0,1,217,,0.0
300,197005220003,42.025345,-93.620199,1.0,1,0.0,1,217,,0.0
301,197005250001,36.312,-78.5882,0.0,1,0.0,1,217,,0.0
302,197005260001,36.312,-78.5882,0.0,1,0.0,1,217,,0.0
303,197005260002,36.312,-78.5882,0.0,1,0.0,1,217,,0.0
304,197005270001,34.097865999999996,-118.407379,0.0,1,0.0,1,217,,0.0
305,197005270002,42.301631,-71.067605,0.0,1,0.0,1,217,,0.0
306,197005270003,42.301631,-71.067605,0.0,1,0.0,1,217,,0.0
307,197005280001,38.579065,-121.49101399999999,0.0,0,,1,217,,
308,197005280002,33.44826,-112.075774,0.0,0,0.0,1,217,,0.0
309,197005280003,40.697132,-73.931351,0.0,1,0.0,1,217,,0.0
310,197005280004,33.882923,-117.92910400000001,0.0,1,0.0,1,217,,0.0
311,197005290001,-34.61768,-58.444435,0.0,0,,1,11,,
312,197005290002,-34.891151,-56.187214000000004,0.0,1,,1,218,,
313,197005290004,37.791927,-122.22590600000001,1.0,-9,0.0,1,217,,0.0
314,197005290005,32.715695000000004,-117.16171899999999,0.0,1,0.0,1,217,,0.0
315,197005300001,40.697132,-73.931351,0.0,1,0.0,1,217,,0.0
316,197006010001,,,0.0,0,,1,11,,
317,197006020001,11.586558,122.753716,0.0,1,,1,160,,
318,197006020002,30.443334999999998,-91.186994,0.0,1,0.0,1,217,,0.0
319,197006020003,41.524935,-88.084594,0.0,1,0.0,1,217,,0.0
320,197006030001,45.511795,-122.675629,0.0,-9,0.0,1,217,,0.0
321,197006040001,37.791927,-122.22590600000001,1.0,1,0.0,1,217,,0.0
322,197006050001,34.097865999999996,-118.407379,0.0,1,0.0,1,217,,0.0
323,197006060001,14.67428,121.05749499999999,0.0,1,,1,160,,
324,197006060002,52.50153,13.401851,0.0,1,,1,362,,
325,197006060003,52.50153,13.401851,0.0,1,,1,362,,
326,197006060004,40.697132,-73.931351,0.0,1,0.0,1,217,,0.0
327,197006060005,37.874043,-122.280022,1.0,0,0.0,1,217,,0.0
328,197006070001,31.950001,35.933331,0.0,0,,1,102,,
329,197006070002,31.950001,35.933331,0.0,0,,1,102,,
330,197006070003,33.96307,-118.232573,1.0,1,0.0,1,217,,0.0
331,197006080001,41.842602,-87.681229,0.0,1,,1,217,,
332,197006080002,37.791927,-122.22590600000001,0.0,1,0.0,1,217,,0.0
333,197006090001,10.063506,-69.334722,0.0,0,,1,222,,
334,197006090002,35.724533,51.405190000000005,0.0,1,,1,94,,
335,197006090003,40.697132,-73.931351,0.0,1,,1,217,,
336,197006090004,31.950001,35.933331,0.0,1,,1,102,,
337,197006090005,31.950001,35.933331,0.0,1,,1,102,,
338,197006090007,40.946915000000004,-90.364659,0.0,1,0.0,1,217,,0.0
339,197006090008,40.731970000000004,-74.174184,0.0,1,0.0,1,217,,0.0
340,197006100001,31.950001,35.933331,0.0,0,,1,102,,
341,197006110001,-22.908278,-43.197026,0.0,0,,1,30,,
342,197006110002,35.724533,51.405190000000005,0.0,1,,1,94,,
343,197006110003,41.260675,-95.940469,1.0,1,0.0,1,217,,0.0
344,197006120001,-34.891151,-56.187214000000004,0.0,1,,1,218,,
345,197006120002,37.005322,-89.176156,0.0,0,0.0,1,217,,0.0
346,197006120003,37.005105,-89.17626899999999,0.0,0,0.0,1,217,,0.0
347,197006130001,41.579662,-93.62150600000001,1.0,1,0.0,1,217,,0.0
348,197006130002,39.176086,-94.574127,0.0,1,0.0,1,217,,0.0
349,197006140001,52.50153,13.401851,0.0,1,,1,362,,
350,197006140002,52.50153,13.401851,0.0,1,,1,362,,
351,197006150001,33.887157,-118.410843,1.0,1,0.0,1,217,,0.0
352,197006170001,37.831455,-122.285164,1.0,-9,0.0,1,217,,0.0
353,197006180001,40.697132,-73.931351,0.0,1,0.0,1,217,,0.0
354,197006180002,40.697132,-73.931351,1.0,-9,0.0,1,217,,0.0
355,197006190001,37.874043,-122.280022,0.0,1,,1,217,,
356,197006190002,37.874043,-122.280022,0.0,1,,1,217,,
357,197006190003,41.842602,-87.681229,0.0,0,0.0,1,217,,0.0
358,197006190004,37.755363,-122.443352,0.0,0,0.0,1,217,,0.0
359,197006210001,41.579662,-93.62150600000001,1.0,0,0.0,1,217,,0.0
360,197006230001,52.50153,13.401851,0.0,1,,1,362,,
361,197006230003,37.755363,-122.443352,0.0,0,0.0,1,217,,0.0
362,197006230004,40.697132,-73.931351,0.0,1,,1,217,,
363,197006250001,32.500640000000004,-94.741075,0.0,1,0.0,1,217,,0.0
364,197006260001,55.011562,-7.3120449999999995,0.0,1,,1,603,,3.0
365,197006270001,55.011562,-7.3120449999999995,0.0,0,,1,603,,
366,197006270002,54.607712,-5.95621,0.0,0,,1,603,,
367,197006270003,54.607712,-5.95621,0.0,0,,1,603,,
368,197006270004,54.607712,-5.95621,0.0,0,,1,603,,2.0
369,197006280001,42.331685,-83.047924,0.0,0,,1,217,,
370,197006290001,41.579662,-93.62150600000001,1.0,1,0.0,1,217,,0.0
371,197006290002,43.118460999999996,-87.902289,0.0,0,0.0,1,217,,0.0
372,197006300001,40.617622999999995,-74.417061,1.0,1,0.0,1,217,,0.0
373,197006300002,40.697132,-73.931351,0.0,1,0.0,1,217,,0.0
374,197006300003,40.697132,-73.931351,0.0,1,0.0,1,217,,0.0
375,197006300004,40.697132,-73.931351,0.0,1,0.0,1,217,,0.0
376,197006300005,40.697132,-73.931351,0.0,1,0.0,1,217,,0.0
377,197007000001,43.074701,-88.008394,0.0,0,0.0,1,217,,0.0
378,197007000002,42.290156,-71.04897,0.0,1,0.0,1,217,,0.0
379,197007010003,-22.908278,-43.197026,0.0,0,0.0,1,30,,0.0
380,197007010004,38.908642,-77.015381,0.0,1,0.0,1,217,,0.0
381,197007010005,37.874043,-122.280022,0.0,1,0.0,1,217,,0.0
382,197007020001,38.908642,-77.015381,0.0,1,,1,217,,
383,197007020002,38.908642,-77.015381,0.0,1,,1,217,,
384,197007020003,38.908642,-77.015381,0.0,1,,1,217,,
385,197007020004,38.908642,-77.015381,0.0,1,,1,217,,
386,197007020005,41.260675,-95.940469,1.0,1,0.0,1,217,,0.0
387,197007020006,33.895285,-118.224329,0.0,1,0.0,1,217,,1.0
388,197007030001,40.697132,-73.931351,0.0,0,0.0,1,217,,0.0
389,197007030002,47.610786,-122.33130600000001,1.0,1,0.0,1,217,,0.0
390,197007040001,40.697132,-73.931351,0.0,1,,1,217,,
391,197007040002,40.697132,-73.931351,0.0,1,0.0,1,217,,0.0
392,197007040003,32.500640000000004,-94.741075,0.0,1,0.0,1,217,,0.0
393,197007040004,41.084195,-81.514059,0.0,1,0.0,1,217,,0.0
394,197007040005,40.5894,-73.666354,0.0,-9,0.0,1,217,,0.0
395,197007040006,37.755363,-122.443352,0.0,0,0.0,1,217,,0.0
396,197007050001,40.697132,-73.931351,1.0,0,0.0,1,217,,0.0
397,197007070001,40.697132,-73.931351,0.0,1,,1,217,,
398,197007070002,40.697132,-73.931351,0.0,0,,1,217,,
399,197007070003,40.697132,-73.931351,0.0,1,,1,217,,
400,197007070004,40.697132,-73.931351,0.0,1,,1,217,,
401,197007080001,33.948315,-86.472939,0.0,1,0.0,1,217,,0.0
402,197007080002,38.232471000000004,-122.644448,0.0,1,0.0,1,217,,0.0
403,197007090001,48.139126,11.580186,0.0,1,,1,362,,
404,197007090002,42.039274,-87.859977,0.0,1,0.0,1,217,,0.0
405,197007100001,5.059097,-75.50596,0.0,0,,1,45,,
406,197007110001,,,0.0,0,,1,83,,
407,197007110002,41.637675,-70.930869,0.0,0,0.0,1,217,,0.0
408,197007120001,37.424305,-122.14391299999998,0.0,0,,1,217,,
409,197007140001,41.842602,-87.681229,0.0,1,0.0,1,217,,0.0
410,197007140002,40.697132,-73.931351,0.0,-9,0.0,1,217,,0.0
411,197007160001,41.842602,-87.681229,0.0,-9,0.0,1,217,,0.0
412,197007160002,40.697132,-73.931351,0.0,-9,0.0,1,217,,0.0
413,197007160003,44.943829,-93.093326,0.0,-9,0.0,1,217,,0.0
414,197007170001,41.842602,-87.681229,0.0,1,0.0,1,217,,0.0
415,197007180001,40.697132,-73.931351,0.0,1,0.0,1,217,,0.0
416,197007200001,40.697132,-73.931351,0.0,1,0.0,1,217,,0.0
417,197007210001,,,0.0,0,,1,26,,
418,197007210002,32.715695000000004,-117.16171899999999,0.0,1,,1,217,,
419,197007210003,40.697132,-73.931351,0.0,1,0.0,1,217,,0.0
420,197007210004,43.064388,-87.966202,0.0,1,0.0,1,217,,0.0
421,197007220001,37.99749,23.762728,0.0,0,0.0,1,78,,0.0
422,197007220002,43.064388,-87.966202,0.0,1,0.0,1,217,,0.0
423,197007220003,39.933448999999996,-75.10674300000001,0.0,-9,0.0,1,217,,0.0
424,197007230001,12.103822000000001,-86.267014,0.0,0,,1,145,,
425,197007230002,34.097865999999996,-118.407379,1.0,1,0.0,1,217,,0.0
426,197007240001,-8.048021,-34.876338,0.0,0,,1,30,,
427,197007240002,40.697132,-73.931351,0.0,0,0.0,1,217,,0.0
428,197007260001,38.62774,-90.19951400000001,0.0,0,,1,217,,
429,197007260002,43.939135,-90.820369,0.0,1,,1,217,,
430,197007270001,40.697132,-73.931351,0.0,1,,1,217,,
431,197007270002,43.939135,-90.820369,0.0,1,,1,217,,
432,197007270003,43.939135,-90.820369,0.0,1,,1,217,,
433,197007270004,37.755363,-122.443352,0.0,1,0.0,1,217,,0.0
434,197007270005,37.755363,-122.443352,0.0,1,0.0,1,217,,0.0
435,197007280001,-34.891151,-56.187214000000004,0.0,0,,1,218,,
436,197007280002,29.813822,-95.36529499999999,0.0,1,,1,217,,
437,197007280003,42.815371999999996,-1.653616,0.0,1,,1,185,,
438,197007300001,37.774421999999994,-122.275475,0.0,1,,1,217,,
439,197007300002,41.842602,-87.681229,0.0,1,,1,217,,
440,197007310001,-34.891151,-56.187214000000004,0.0,0,,1,218,,
441,197007310002,-34.891151,-56.187214000000004,0.0,0,,1,218,,
442,197007310003,-34.891151,-56.187214000000004,0.0,0,,1,218,,
443,197007310004,-34.422436,-58.73775500000001,0.0,1,,1,11,,
444,197007310006,35.2225,-80.837539,0.0,-9,0.0,1,217,,0.0
445,197008000001,52.370216,4.895168,0.0,1,,1,142,,
446,197008010001,40.697132,-73.931351,0.0,1,,1,217,,
447,197008010002,50.836426,4.367415,0.0,0,,1,21,,
448,197008020001,37.874043,-122.280022,1.0,1,0.0,1,217,,0.0
449,197008050001,43.064388,-87.966202,0.0,1,0.0,1,217,,0.0
450,197008060001,-26.808284999999998,-65.21759,0.0,0,,1,11,,
451,197008060002,33.871124,-117.861401,0.0,1,,1,217,,
452,197008060004,37.338475,-121.88579399999999,0.0,0,0.0,1,217,,0.0
453,197008070001,52.50153,13.401851,0.0,1,,1,499,,
454,197008070002,39.26931,-76.503519,0.0,1,0.0,1,217,,0.0
455,197008070003,37.97457,-122.532474,0.0,1,,1,217,,
456,197008090001,-31.632368,-60.699358999999994,0.0,1,,1,11,,
457,197008100001,45.511795,-122.675629,0.0,1,0.0,1,217,,0.0
458,197008110001,54.077313000000004,-6.6087869999999995,0.0,1,,1,603,,
459,197008120001,52.50153,13.401851,0.0,1,,1,499,,
460,197008140001,52.50153,13.401851,0.0,1,,1,499,,
461,197008150001,33.60651,-88.650419,0.0,0,0.0,1,217,,0.0
462,197008170001,41.260675,-95.940469,0.0,1,,1,217,,
463,197008170002,44.964985,-93.260193,0.0,1,0.0,1,217,,0.0
464,197008180001,40.697132,-73.931351,0.0,0,0.0,1,217,,0.0
465,197008190001,-34.891151,-56.187214000000004,0.0,0,,1,218,,
466,197008200001,38.908642,-77.015381,0.0,1,,1,217,,
467,197008200002,39.464791,-76.829198,0.0,1,0.0,1,217,,0.0
468,197008200003,37.874043,-122.280022,0.0,0,0.0,1,217,,0.0
469,197008210001,-34.891151,-56.187214000000004,0.0,1,,1,218,,
470,197008210002,44.04483,-123.07260600000001,0.0,1,0.0,1,217,,0.0
471,197008220001,44.943829,-93.093326,1.0,1,0.0,1,217,,0.0
472,197008220002,39.308341999999996,-76.616104,0.0,-9,0.0,1,217,,0.0
473,197008240001,43.07295,-89.38669399999999,0.0,1,,1,217,,
474,197008250001,19.371887,-99.086624,0.0,0,,1,130,,
475,197008250002,42.505832,-71.19376,0.0,1,0.0,1,217,,0.0
476,197008270001,52.50153,13.401851,0.0,1,,1,499,,
477,197008270002,42.377003,-71.11666,0.0,0,0.0,1,217,,0.0
478,197008280001,35.948199,-77.79520699999999,0.0,1,0.0,1,217,,0.0
479,197008280002,37.90118,-122.061628,0.0,-9,0.0,1,217,,0.0
480,197008290001,38.908642,-77.015381,0.0,1,,1,217,,
481,197008290002,37.874043,-122.280022,0.0,1,,1,217,,
482,197008290003,37.90118,-122.061628,0.0,-9,0.0,1,217,,0.0
483,197008290004,33.946154,-118.082952,1.0,0,0.0,1,217,,0.0
484,197008300001,38.908642,-77.015381,0.0,1,,1,217,,
485,197008300002,33.948005,-83.37732199999999,0.0,1,0.0,1,217,,0.0
486,197008310001,39.930771,32.767540000000004,0.0,1,,1,209,,
487,197009000001,31.950001,35.933331,0.0,0,,1,102,,
488,197009000002,-34.891151,-56.187214000000004,0.0,1,,1,218,,2.0
489,197009010002,40.008171000000004,-75.13549,0.0,1,,1,217,,
490,197009020001,37.99749,23.762728,0.0,1,,1,78,,2.0
491,197009020002,37.755363,-122.443352,0.0,1,0.0,1,217,,0.0
492,197009020003,37.432805,-121.897259,0.0,1,0.0,1,217,,0.0
493,197009030001,37.548148,-121.98856599999999,0.0,1,0.0,1,217,,0.0
494,197009030002,35.14968,-90.048929,0.0,0,0.0,1,217,,0.0
495,197009040001,44.943829,-93.093326,0.0,1,,1,217,,
496,197009040002,-34.891151,-56.187214000000004,0.0,1,,1,218,,
497,197009040003,54.607712,-5.95621,0.0,1,,1,603,,1.0
498,197009040004,43.064388,-87.966202,0.0,0,0.0,1,217,,0.0
499,197009040005,33.745573,-117.867834,1.0,0,0.0,1,217,,0.0
